h,v,ulx,uly,lrx,lry
0,1,-2565585,3164805,-2415585,3014805
0,2,-2415585,2864805,-2565585,3014805
0,3,-2565585,2864805,-2415585,2714805
0,4,-2565585,2714805,-2415585,2564805
0,5,-2565585,2564805,-2415585,2414805
0,6,-2565585,2414805,-2415585,2264805
0,7,-2565585,2264805,-2415585,2114805
0,8,-2565585,2114805,-2415585,1964805
0,9,-2565585,1964805,-2415585,1814805
0,10,-2565585,1814805,-2415585,1664805
0,11,-2565585,1664805,-2415585,1514805
0,12,-2565585,1514805,-2415585,1364805
0,13,-2565585,1364805,-2415585,1214805
0,14,-2565585,1214805,-2415585,1064805
0,15,-2565585,1064805,-2415585,914805
0,16,-2565585,914805,-2415585,764805
0,17,-2565585,764805,-2415585,614805
0,18,-2565585,614805,-2415585,464805
0,19,-2565585,464805,-2415585,314805
0,20,-2565585,314805,-2415585,164805
0,21,-2415585,14805,-2565585,164805
1,0,-2265585,3314805,-2265585,3164805
1,1,-2415585,3164805,-2265585,3014805
1,2,-2415585,3014805,-2265585,2864805
1,3,-2415585,2864805,-2265585,2714805
1,4,-2415585,2714805,-2265585,2564805
1,5,-2415585,2564805,-2265585,2414805
1,6,-2415585,2414805,-2265585,2264805
1,7,-2415585,2264805,-2265585,2114805
1,8,-2415585,2114805,-2265585,1964805
1,9,-2415585,1964805,-2265585,1814805
1,10,-2415585,1814805,-2265585,1664805
1,11,-2415585,1664805,-2265585,1514805
1,12,-2415585,1514805,-2265585,1364805
1,13,-2415585,1364805,-2265585,1214805
1,14,-2415585,1214805,-2265585,1064805
1,15,-2415585,1064805,-2265585,914805
1,16,-2415585,914805,-2265585,764805
1,17,-2415585,764805,-2265585,614805
1,18,-2415585,614805,-2265585,464805
1,19,-2415585,464805,-2265585,314805
1,20,-2415585,314805,-2265585,164805
1,21,-2265585,14805,-2415585,164805
2,0,-2265585,3314805,-2115585,3164805
2,1,-2265585,3164805,-2115585,3014805
2,2,-2265585,3014805,-2115585,2864805
2,3,-2265585,2864805,-2115585,2714805
2,4,-2265585,2714805,-2115585,2564805
2,5,-2265585,2564805,-2115585,2414805
2,6,-2265585,2414805,-2115585,2264805
2,7,-2265585,2264805,-2115585,2114805
2,8,-2265585,2114805,-2115585,1964805
2,9,-2265585,1964805,-2115585,1814805
2,10,-2265585,1814805,-2115585,1664805
2,11,-2265585,1664805,-2115585,1514805
2,12,-2265585,1514805,-2115585,1364805
2,13,-2265585,1364805,-2115585,1214805
2,14,-2265585,1214805,-2115585,1064805
2,15,-2265585,1064805,-2115585,914805
2,16,-2265585,914805,-2115585,764805
2,17,-2265585,764805,-2115585,614805
2,18,-2265585,614805,-2115585,464805
2,19,-2265585,464805,-2115585,314805
2,20,-2265585,314805,-2115585,164805
2,21,-2115585,14805,-2265585,164805
3,0,-2115585,3314805,-1965585,3164805
3,1,-2115585,3164805,-1965585,3014805
3,2,-2115585,3014805,-1965585,2864805
3,3,-2115585,2864805,-1965585,2714805
3,4,-2115585,2714805,-1965585,2564805
3,5,-2115585,2564805,-1965585,2414805
3,6,-2115585,2414805,-1965585,2264805
3,7,-2115585,2264805,-1965585,2114805
3,8,-2115585,2114805,-1965585,1964805
3,9,-2115585,1964805,-1965585,1814805
3,10,-2115585,1814805,-1965585,1664805
3,11,-2115585,1664805,-1965585,1514805
3,12,-2115585,1514805,-1965585,1364805
3,13,-2115585,1364805,-1965585,1214805
3,14,-2115585,1214805,-1965585,1064805
3,15,-2115585,1064805,-1965585,914805
3,16,-2115585,914805,-1965585,764805
3,17,-2115585,764805,-1965585,614805
3,18,-2115585,614805,-1965585,464805
3,19,-2115585,464805,-1965585,314805
3,20,-2115585,314805,-1965585,164805
3,21,-1965585,14805,-2115585,164805
4,0,-1965585,3314805,-1815585,3164805
4,1,-1965585,3164805,-1815585,3014805
4,2,-1965585,3014805,-1815585,2864805
4,3,-1965585,2864805,-1815585,2714805
4,4,-1965585,2714805,-1815585,2564805
4,5,-1965585,2564805,-1815585,2414805
4,6,-1965585,2414805,-1815585,2264805
4,7,-1965585,2264805,-1815585,2114805
4,8,-1965585,2114805,-1815585,1964805
4,9,-1965585,1964805,-1815585,1814805
4,10,-1965585,1814805,-1815585,1664805
4,11,-1965585,1664805,-1815585,1514805
4,12,-1965585,1514805,-1815585,1364805
4,13,-1965585,1364805,-1815585,1214805
4,14,-1965585,1214805,-1815585,1064805
4,15,-1965585,1064805,-1815585,914805
4,16,-1965585,914805,-1815585,764805
4,17,-1965585,764805,-1815585,614805
4,18,-1965585,614805,-1815585,464805
4,19,-1965585,464805,-1815585,314805
4,20,-1965585,314805,-1815585,164805
4,21,-1815585,14805,-1965585,164805
5,0,-1815585,3314805,-1665585,3164805
5,1,-1815585,3164805,-1665585,3014805
5,2,-1815585,3014805,-1665585,2864805
5,3,-1815585,2864805,-1665585,2714805
5,4,-1815585,2714805,-1665585,2564805
5,5,-1815585,2564805,-1665585,2414805
5,6,-1815585,2414805,-1665585,2264805
5,7,-1815585,2264805,-1665585,2114805
5,8,-1815585,2114805,-1665585,1964805
5,9,-1815585,1964805,-1665585,1814805
5,10,-1815585,1814805,-1665585,1664805
5,11,-1815585,1664805,-1665585,1514805
5,12,-1815585,1514805,-1665585,1364805
5,13,-1815585,1364805,-1665585,1214805
5,14,-1815585,1214805,-1665585,1064805
5,15,-1815585,1064805,-1665585,914805
5,16,-1815585,914805,-1665585,764805
5,17,-1815585,764805,-1665585,614805
5,18,-1815585,614805,-1665585,464805
5,19,-1815585,464805,-1665585,314805
5,20,-1815585,314805,-1665585,164805
5,21,-1665585,14805,-1815585,164805
6,0,-1665585,3314805,-1515585,3164805
6,1,-1665585,3164805,-1515585,3014805
6,2,-1665585,3014805,-1515585,2864805
6,3,-1665585,2864805,-1515585,2714805
6,4,-1665585,2714805,-1515585,2564805
6,5,-1665585,2564805,-1515585,2414805
6,6,-1665585,2414805,-1515585,2264805
6,7,-1665585,2264805,-1515585,2114805
6,8,-1665585,2114805,-1515585,1964805
6,9,-1665585,1964805,-1515585,1814805
6,10,-1665585,1814805,-1515585,1664805
6,11,-1665585,1664805,-1515585,1514805
6,12,-1665585,1514805,-1515585,1364805
6,13,-1665585,1364805,-1515585,1214805
6,14,-1665585,1214805,-1515585,1064805
6,15,-1665585,1064805,-1515585,914805
6,16,-1665585,914805,-1515585,764805
6,17,-1665585,764805,-1515585,614805
6,18,-1665585,614805,-1515585,464805
6,19,-1665585,464805,-1515585,314805
6,20,-1665585,314805,-1515585,164805
6,21,-1515585,14805,-1665585,164805
7,0,-1515585,3314805,-1365585,3164805
7,1,-1515585,3164805,-1365585,3014805
7,2,-1515585,3014805,-1365585,2864805
7,3,-1515585,2864805,-1365585,2714805
7,4,-1515585,2714805,-1365585,2564805
7,5,-1515585,2564805,-1365585,2414805
7,6,-1515585,2414805,-1365585,2264805
7,7,-1515585,2264805,-1365585,2114805
7,8,-1515585,2114805,-1365585,1964805
7,9,-1515585,1964805,-1365585,1814805
7,10,-1515585,1814805,-1365585,1664805
7,11,-1515585,1664805,-1365585,1514805
7,12,-1515585,1514805,-1365585,1364805
7,13,-1515585,1364805,-1365585,1214805
7,14,-1515585,1214805,-1365585,1064805
7,15,-1515585,1064805,-1365585,914805
7,16,-1515585,914805,-1365585,764805
7,17,-1515585,764805,-1365585,614805
7,18,-1515585,614805,-1365585,464805
7,19,-1515585,464805,-1365585,314805
7,20,-1515585,314805,-1365585,164805
7,21,-1365585,14805,-1515585,164805
8,0,-1365585,3314805,-1215585,3164805
8,1,-1365585,3164805,-1215585,3014805
8,2,-1365585,3014805,-1215585,2864805
8,3,-1365585,2864805,-1215585,2714805
8,4,-1365585,2714805,-1215585,2564805
8,5,-1365585,2564805,-1215585,2414805
8,6,-1365585,2414805,-1215585,2264805
8,7,-1365585,2264805,-1215585,2114805
8,8,-1365585,2114805,-1215585,1964805
8,9,-1365585,1964805,-1215585,1814805
8,10,-1365585,1814805,-1215585,1664805
8,11,-1365585,1664805,-1215585,1514805
8,12,-1365585,1514805,-1215585,1364805
8,13,-1365585,1364805,-1215585,1214805
8,14,-1365585,1214805,-1215585,1064805
8,15,-1365585,1064805,-1215585,914805
8,16,-1365585,914805,-1215585,764805
8,17,-1365585,764805,-1215585,614805
8,18,-1365585,614805,-1215585,464805
8,19,-1365585,464805,-1215585,314805
8,20,-1365585,314805,-1215585,164805
8,21,-1215585,14805,-1365585,164805
9,0,-1215585,3314805,-1065585,3164805
9,1,-1215585,3164805,-1065585,3014805
9,2,-1215585,3014805,-1065585,2864805
9,3,-1215585,2864805,-1065585,2714805
9,4,-1215585,2714805,-1065585,2564805
9,5,-1215585,2564805,-1065585,2414805
9,6,-1215585,2414805,-1065585,2264805
9,7,-1215585,2264805,-1065585,2114805
9,8,-1215585,2114805,-1065585,1964805
9,9,-1215585,1964805,-1065585,1814805
9,10,-1215585,1814805,-1065585,1664805
9,11,-1215585,1664805,-1065585,1514805
9,12,-1215585,1514805,-1065585,1364805
9,13,-1215585,1364805,-1065585,1214805
9,14,-1215585,1214805,-1065585,1064805
9,15,-1215585,1064805,-1065585,914805
9,16,-1215585,914805,-1065585,764805
9,17,-1215585,764805,-1065585,614805
9,18,-1215585,614805,-1065585,464805
9,19,-1215585,464805,-1065585,314805
9,20,-1215585,314805,-1065585,164805
9,21,-1065585,14805,-1215585,164805
10,0,-1065585,3314805,-915585,3164805
10,1,-1065585,3164805,-915585,3014805
10,2,-1065585,3014805,-915585,2864805
10,3,-1065585,2864805,-915585,2714805
10,4,-1065585,2714805,-915585,2564805
10,5,-1065585,2564805,-915585,2414805
10,6,-1065585,2414805,-915585,2264805
10,7,-1065585,2264805,-915585,2114805
10,8,-1065585,2114805,-915585,1964805
10,9,-1065585,1964805,-915585,1814805
10,10,-1065585,1814805,-915585,1664805
10,11,-1065585,1664805,-915585,1514805
10,12,-1065585,1514805,-915585,1364805
10,13,-1065585,1364805,-915585,1214805
10,14,-1065585,1214805,-915585,1064805
10,15,-1065585,1064805,-915585,914805
10,16,-1065585,914805,-915585,764805
10,17,-1065585,764805,-915585,614805
10,18,-1065585,614805,-915585,464805
10,19,-1065585,464805,-915585,314805
10,20,-1065585,314805,-915585,164805
10,21,-915585,14805,-1065585,164805
11,0,-915585,3314805,-765585,3164805
11,1,-915585,3164805,-765585,3014805
11,2,-915585,3014805,-765585,2864805
11,3,-915585,2864805,-765585,2714805
11,4,-915585,2714805,-765585,2564805
11,5,-915585,2564805,-765585,2414805
11,6,-915585,2414805,-765585,2264805
11,7,-915585,2264805,-765585,2114805
11,8,-915585,2114805,-765585,1964805
11,9,-915585,1964805,-765585,1814805
11,10,-915585,1814805,-765585,1664805
11,11,-915585,1664805,-765585,1514805
11,12,-915585,1514805,-765585,1364805
11,13,-915585,1364805,-765585,1214805
11,14,-915585,1214805,-765585,1064805
11,15,-915585,1064805,-765585,914805
11,16,-915585,914805,-765585,764805
11,17,-915585,764805,-765585,614805
11,18,-915585,614805,-765585,464805
11,19,-915585,464805,-765585,314805
11,20,-915585,314805,-765585,164805
11,21,-765585,14805,-915585,164805
12,0,-765585,3314805,-615585,3164805
12,1,-765585,3164805,-615585,3014805
12,2,-765585,3014805,-615585,2864805
12,3,-765585,2864805,-615585,2714805
12,4,-765585,2714805,-615585,2564805
12,5,-765585,2564805,-615585,2414805
12,6,-765585,2414805,-615585,2264805
12,7,-765585,2264805,-615585,2114805
12,8,-765585,2114805,-615585,1964805
12,9,-765585,1964805,-615585,1814805
12,10,-765585,1814805,-615585,1664805
12,11,-765585,1664805,-615585,1514805
12,12,-765585,1514805,-615585,1364805
12,13,-765585,1364805,-615585,1214805
12,14,-765585,1214805,-615585,1064805
12,15,-765585,1064805,-615585,914805
12,16,-765585,914805,-615585,764805
12,17,-765585,764805,-615585,614805
12,18,-765585,614805,-615585,464805
12,19,-765585,464805,-615585,314805
12,20,-765585,314805,-615585,164805
12,21,-615585,14805,-765585,164805
13,0,-615585,3314805,-465585,3164805
13,1,-615585,3164805,-465585,3014805
13,2,-615585,3014805,-465585,2864805
13,3,-615585,2864805,-465585,2714805
13,4,-615585,2714805,-465585,2564805
13,5,-615585,2564805,-465585,2414805
13,6,-615585,2414805,-465585,2264805
13,7,-615585,2264805,-465585,2114805
13,8,-615585,2114805,-465585,1964805
13,9,-615585,1964805,-465585,1814805
13,10,-615585,1814805,-465585,1664805
13,11,-615585,1664805,-465585,1514805
13,12,-615585,1514805,-465585,1364805
13,13,-615585,1364805,-465585,1214805
13,14,-615585,1214805,-465585,1064805
13,15,-615585,1064805,-465585,914805
13,16,-615585,914805,-465585,764805
13,17,-615585,764805,-465585,614805
13,18,-615585,614805,-465585,464805
13,19,-615585,464805,-465585,314805
13,20,-615585,314805,-465585,164805
13,21,-465585,14805,-615585,164805
14,0,-465585,3314805,-315585,3164805
14,1,-465585,3164805,-315585,3014805
14,2,-465585,3014805,-315585,2864805
14,3,-465585,2864805,-315585,2714805
14,4,-465585,2714805,-315585,2564805
14,5,-465585,2564805,-315585,2414805
14,6,-465585,2414805,-315585,2264805
14,7,-465585,2264805,-315585,2114805
14,8,-465585,2114805,-315585,1964805
14,9,-465585,1964805,-315585,1814805
14,10,-465585,1814805,-315585,1664805
14,11,-465585,1664805,-315585,1514805
14,12,-465585,1514805,-315585,1364805
14,13,-465585,1364805,-315585,1214805
14,14,-465585,1214805,-315585,1064805
14,15,-465585,1064805,-315585,914805
14,16,-465585,914805,-315585,764805
14,17,-465585,764805,-315585,614805
14,18,-465585,614805,-315585,464805
14,19,-465585,464805,-315585,314805
14,20,-465585,314805,-315585,164805
14,21,-315585,14805,-465585,164805
15,0,-315585,3314805,-165585,3164805
15,1,-315585,3164805,-165585,3014805
15,2,-315585,3014805,-165585,2864805
15,3,-315585,2864805,-165585,2714805
15,4,-315585,2714805,-165585,2564805
15,5,-315585,2564805,-165585,2414805
15,6,-315585,2414805,-165585,2264805
15,7,-315585,2264805,-165585,2114805
15,8,-315585,2114805,-165585,1964805
15,9,-315585,1964805,-165585,1814805
15,10,-315585,1814805,-165585,1664805
15,11,-315585,1664805,-165585,1514805
15,12,-315585,1514805,-165585,1364805
15,13,-315585,1364805,-165585,1214805
15,14,-315585,1214805,-165585,1064805
15,15,-315585,1064805,-165585,914805
15,16,-315585,914805,-165585,764805
15,17,-315585,764805,-165585,614805
15,18,-315585,614805,-165585,464805
15,19,-315585,464805,-165585,314805
15,20,-315585,314805,-165585,164805
15,21,-165585,14805,-315585,164805
16,0,-165585,3314805,-15585,3164805
16,1,-165585,3164805,-15585,3014805
16,2,-165585,3014805,-15585,2864805
16,3,-165585,2864805,-15585,2714805
16,4,-165585,2714805,-15585,2564805
16,5,-165585,2564805,-15585,2414805
16,6,-165585,2414805,-15585,2264805
16,7,-165585,2264805,-15585,2114805
16,8,-165585,2114805,-15585,1964805
16,9,-165585,1964805,-15585,1814805
16,10,-165585,1814805,-15585,1664805
16,11,-165585,1664805,-15585,1514805
16,12,-165585,1514805,-15585,1364805
16,13,-165585,1364805,-15585,1214805
16,14,-165585,1214805,-15585,1064805
16,15,-165585,1064805,-15585,914805
16,16,-165585,914805,-15585,764805
16,17,-165585,764805,-15585,614805
16,18,-165585,614805,-15585,464805
16,19,-165585,464805,-15585,314805
16,20,-165585,314805,-15585,164805
16,21,-15585,14805,-165585,164805
17,0,-15585,3314805,134415,3164805
17,1,-15585,3164805,134415,3014805
17,2,-15585,3014805,134415,2864805
17,3,-15585,2864805,134415,2714805
17,4,-15585,2714805,134415,2564805
17,5,-15585,2564805,134415,2414805
17,6,-15585,2414805,134415,2264805
17,7,-15585,2264805,134415,2114805
17,8,-15585,2114805,134415,1964805
17,9,-15585,1964805,134415,1814805
17,10,-15585,1814805,134415,1664805
17,11,-15585,1664805,134415,1514805
17,12,-15585,1514805,134415,1364805
17,13,-15585,1364805,134415,1214805
17,14,-15585,1214805,134415,1064805
17,15,-15585,1064805,134415,914805
17,16,-15585,914805,134415,764805
17,17,-15585,764805,134415,614805
17,18,-15585,614805,134415,464805
17,19,-15585,464805,134415,314805
17,20,-15585,314805,134415,164805
17,21,134415,14805,-15585,164805
18,0,134415,3314805,284415,3164805
18,1,134415,3164805,284415,3014805
18,2,134415,3014805,284415,2864805
18,3,134415,2864805,284415,2714805
18,4,134415,2714805,284415,2564805
18,5,134415,2564805,284415,2414805
18,6,134415,2414805,284415,2264805
18,7,134415,2264805,284415,2114805
18,8,134415,2114805,284415,1964805
18,9,134415,1964805,284415,1814805
18,10,134415,1814805,284415,1664805
18,11,134415,1664805,284415,1514805
18,12,134415,1514805,284415,1364805
18,13,134415,1364805,284415,1214805
18,14,134415,1214805,284415,1064805
18,15,134415,1064805,284415,914805
18,16,134415,914805,284415,764805
18,17,134415,764805,284415,614805
18,18,134415,614805,284415,464805
18,19,134415,464805,284415,314805
18,20,134415,314805,284415,164805
18,21,284415,14805,134415,164805
19,0,284415,3314805,434415,3164805
19,1,284415,3164805,434415,3014805
19,2,284415,3014805,434415,2864805
19,3,284415,2864805,434415,2714805
19,4,284415,2714805,434415,2564805
19,5,284415,2564805,434415,2414805
19,6,284415,2414805,434415,2264805
19,7,284415,2264805,434415,2114805
19,8,284415,2114805,434415,1964805
19,9,284415,1964805,434415,1814805
19,10,284415,1814805,434415,1664805
19,11,284415,1664805,434415,1514805
19,12,284415,1514805,434415,1364805
19,13,284415,1364805,434415,1214805
19,14,284415,1214805,434415,1064805
19,15,284415,1064805,434415,914805
19,16,284415,914805,434415,764805
19,17,284415,764805,434415,614805
19,18,284415,614805,434415,464805
19,19,284415,464805,434415,314805
19,20,284415,314805,434415,164805
19,21,434415,14805,284415,164805
20,0,434415,3314805,584415,3164805
20,1,434415,3164805,584415,3014805
20,2,434415,3014805,584415,2864805
20,3,434415,2864805,584415,2714805
20,4,434415,2714805,584415,2564805
20,5,434415,2564805,584415,2414805
20,6,434415,2414805,584415,2264805
20,7,434415,2264805,584415,2114805
20,8,434415,2114805,584415,1964805
20,9,434415,1964805,584415,1814805
20,10,434415,1814805,584415,1664805
20,11,434415,1664805,584415,1514805
20,12,434415,1514805,584415,1364805
20,13,434415,1364805,584415,1214805
20,14,434415,1214805,584415,1064805
20,15,434415,1064805,584415,914805
20,16,434415,914805,584415,764805
20,17,434415,764805,584415,614805
20,18,434415,614805,584415,464805
20,19,434415,464805,584415,314805
20,20,434415,314805,584415,164805
20,21,584415,14805,434415,164805
21,0,584415,3314805,734415,3164805
21,1,584415,3164805,734415,3014805
21,2,584415,3014805,734415,2864805
21,3,584415,2864805,734415,2714805
21,4,584415,2714805,734415,2564805
21,5,584415,2564805,734415,2414805
21,6,584415,2414805,734415,2264805
21,7,584415,2264805,734415,2114805
21,8,584415,2114805,734415,1964805
21,9,584415,1964805,734415,1814805
21,10,584415,1814805,734415,1664805
21,11,584415,1664805,734415,1514805
21,12,584415,1514805,734415,1364805
21,13,584415,1364805,734415,1214805
21,14,584415,1214805,734415,1064805
21,15,584415,1064805,734415,914805
21,16,584415,914805,734415,764805
21,17,584415,764805,734415,614805
21,18,584415,614805,734415,464805
21,19,584415,464805,734415,314805
21,20,584415,314805,734415,164805
21,21,734415,14805,584415,164805
22,0,734415,3314805,884415,3164805
22,1,734415,3164805,884415,3014805
22,2,734415,3014805,884415,2864805
22,3,734415,2864805,884415,2714805
22,4,734415,2714805,884415,2564805
22,5,734415,2564805,884415,2414805
22,6,734415,2414805,884415,2264805
22,7,734415,2264805,884415,2114805
22,8,734415,2114805,884415,1964805
22,9,734415,1964805,884415,1814805
22,10,734415,1814805,884415,1664805
22,11,734415,1664805,884415,1514805
22,12,734415,1514805,884415,1364805
22,13,734415,1364805,884415,1214805
22,14,734415,1214805,884415,1064805
22,15,734415,1064805,884415,914805
22,16,734415,914805,884415,764805
22,17,734415,764805,884415,614805
22,18,734415,614805,884415,464805
22,19,734415,464805,884415,314805
22,20,734415,314805,884415,164805
22,21,884415,14805,734415,164805
23,0,884415,3314805,1034415,3164805
23,1,884415,3164805,1034415,3014805
23,2,884415,3014805,1034415,2864805
23,3,884415,2864805,1034415,2714805
23,4,884415,2714805,1034415,2564805
23,5,884415,2564805,1034415,2414805
23,6,884415,2414805,1034415,2264805
23,7,884415,2264805,1034415,2114805
23,8,884415,2114805,1034415,1964805
23,9,884415,1964805,1034415,1814805
23,10,884415,1814805,1034415,1664805
23,11,884415,1664805,1034415,1514805
23,12,884415,1514805,1034415,1364805
23,13,884415,1364805,1034415,1214805
23,14,884415,1214805,1034415,1064805
23,15,884415,1064805,1034415,914805
23,16,884415,914805,1034415,764805
23,17,884415,764805,1034415,614805
23,18,884415,614805,1034415,464805
23,19,884415,464805,1034415,314805
23,20,884415,314805,1034415,164805
23,21,1034415,14805,884415,164805
24,0,1034415,3314805,1184415,3164805
24,1,1034415,3164805,1184415,3014805
24,2,1034415,3014805,1184415,2864805
24,3,1034415,2864805,1184415,2714805
24,4,1034415,2714805,1184415,2564805
24,5,1034415,2564805,1184415,2414805
24,6,1034415,2414805,1184415,2264805
24,7,1034415,2264805,1184415,2114805
24,8,1034415,2114805,1184415,1964805
24,9,1034415,1964805,1184415,1814805
24,10,1034415,1814805,1184415,1664805
24,11,1034415,1664805,1184415,1514805
24,12,1034415,1514805,1184415,1364805
24,13,1034415,1364805,1184415,1214805
24,14,1034415,1214805,1184415,1064805
24,15,1034415,1064805,1184415,914805
24,16,1034415,914805,1184415,764805
24,17,1034415,764805,1184415,614805
24,18,1034415,614805,1184415,464805
24,19,1034415,464805,1184415,314805
24,20,1034415,314805,1184415,164805
24,21,1184415,14805,1034415,164805
25,0,1184415,3314805,1334415,3164805
25,1,1184415,3164805,1334415,3014805
25,2,1184415,3014805,1334415,2864805
25,3,1184415,2864805,1334415,2714805
25,4,1184415,2714805,1334415,2564805
25,5,1184415,2564805,1334415,2414805
25,6,1184415,2414805,1334415,2264805
25,7,1184415,2264805,1334415,2114805
25,8,1184415,2114805,1334415,1964805
25,9,1184415,1964805,1334415,1814805
25,10,1184415,1814805,1334415,1664805
25,11,1184415,1664805,1334415,1514805
25,12,1184415,1514805,1334415,1364805
25,13,1184415,1364805,1334415,1214805
25,14,1184415,1214805,1334415,1064805
25,15,1184415,1064805,1334415,914805
25,16,1184415,914805,1334415,764805
25,17,1184415,764805,1334415,614805
25,18,1184415,614805,1334415,464805
25,19,1184415,464805,1334415,314805
25,20,1184415,314805,1334415,164805
25,21,1334415,14805,1184415,164805
26,0,1334415,3314805,1484415,3164805
26,1,1334415,3164805,1484415,3014805
26,2,1334415,3014805,1484415,2864805
26,3,1334415,2864805,1484415,2714805
26,4,1334415,2714805,1484415,2564805
26,5,1334415,2564805,1484415,2414805
26,6,1334415,2414805,1484415,2264805
26,7,1334415,2264805,1484415,2114805
26,8,1334415,2114805,1484415,1964805
26,9,1334415,1964805,1484415,1814805
26,10,1334415,1814805,1484415,1664805
26,11,1334415,1664805,1484415,1514805
26,12,1334415,1514805,1484415,1364805
26,13,1334415,1364805,1484415,1214805
26,14,1334415,1214805,1484415,1064805
26,15,1334415,1064805,1484415,914805
26,16,1334415,914805,1484415,764805
26,17,1334415,764805,1484415,614805
26,18,1334415,614805,1484415,464805
26,19,1334415,464805,1484415,314805
26,20,1334415,314805,1484415,164805
26,21,1484415,14805,1334415,164805
27,0,1484415,3314805,1634415,3164805
27,1,1484415,3164805,1634415,3014805
27,2,1484415,3014805,1634415,2864805
27,3,1484415,2864805,1634415,2714805
27,4,1484415,2714805,1634415,2564805
27,5,1484415,2564805,1634415,2414805
27,6,1484415,2414805,1634415,2264805
27,7,1484415,2264805,1634415,2114805
27,8,1484415,2114805,1634415,1964805
27,9,1484415,1964805,1634415,1814805
27,10,1484415,1814805,1634415,1664805
27,11,1484415,1664805,1634415,1514805
27,12,1484415,1514805,1634415,1364805
27,13,1484415,1364805,1634415,1214805
27,14,1484415,1214805,1634415,1064805
27,15,1484415,1064805,1634415,914805
27,16,1484415,914805,1634415,764805
27,17,1484415,764805,1634415,614805
27,18,1484415,614805,1634415,464805
27,19,1484415,464805,1634415,314805
27,20,1484415,314805,1634415,164805
27,21,1634415,14805,1484415,164805
28,0,1634415,3314805,1784415,3164805
28,1,1634415,3164805,1784415,3014805
28,2,1634415,3014805,1784415,2864805
28,3,1634415,2864805,1784415,2714805
28,4,1634415,2714805,1784415,2564805
28,5,1634415,2564805,1784415,2414805
28,6,1634415,2414805,1784415,2264805
28,7,1634415,2264805,1784415,2114805
28,8,1634415,2114805,1784415,1964805
28,9,1634415,1964805,1784415,1814805
28,10,1634415,1814805,1784415,1664805
28,11,1634415,1664805,1784415,1514805
28,12,1634415,1514805,1784415,1364805
28,13,1634415,1364805,1784415,1214805
28,14,1634415,1214805,1784415,1064805
28,15,1634415,1064805,1784415,914805
28,16,1634415,914805,1784415,764805
28,17,1634415,764805,1784415,614805
28,18,1634415,614805,1784415,464805
28,19,1634415,464805,1784415,314805
28,20,1634415,314805,1784415,164805
28,21,1784415,14805,1634415,164805
29,0,1934415,3164805,1784415,3314805
29,1,1934415,3014805,1784415,3164805
29,2,1934415,2864805,1784415,3014805
29,3,1934415,2714805,1784415,2864805
29,4,1934415,2564805,1784415,2714805
29,5,1934415,2414805,1784415,2564805
29,6,1934415,2264805,1784415,2414805
29,7,1934415,2114805,1784415,2264805
29,8,1934415,1964805,1784415,2114805
29,9,1934415,1814805,1784415,1964805
29,10,1934415,1664805,1784415,1814805
29,11,1934415,1514805,1784415,1664805
29,12,1934415,1364805,1784415,1514805
29,13,1934415,1214805,1784415,1364805
29,14,1934415,1064805,1784415,1214805
29,15,1934415,914805,1784415,1064805
29,16,1934415,764805,1784415,914805
29,17,1934415,614805,1784415,764805
29,18,1934415,464805,1784415,614805
29,19,1934415,314805,1784415,464805
29,20,1784415,314805,1934415,164805
29,21,1934415,14805,1784415,164805
30,0,2084415,3164805,1934415,3314805
30,1,2084415,3014805,1934415,3164805
30,2,2084415,2864805,1934415,3014805
30,3,2084415,2714805,1934415,2864805
30,4,2084415,2564805,1934415,2714805
30,5,2084415,2414805,1934415,2564805
30,6,2084415,2264805,1934415,2414805
30,7,2084415,2114805,1934415,2264805
30,8,2084415,1964805,1934415,2114805
30,9,2084415,1814805,1934415,1964805
30,10,2084415,1664805,1934415,1814805
30,11,2084415,1514805,1934415,1664805
30,12,2084415,1364805,1934415,1514805
30,13,2084415,1214805,1934415,1364805
30,14,2084415,1064805,1934415,1214805
30,15,2084415,914805,1934415,1064805
30,16,2084415,764805,1934415,914805
30,17,2084415,614805,1934415,764805
30,18,2084415,464805,1934415,614805
30,19,2084415,314805,1934415,464805
30,20,1934415,314805,2084415,164805
30,21,2084415,14805,1934415,164805
31,0,2234415,3164805,2084415,3314805
31,1,2234415,3014805,2084415,3164805
31,2,2234415,2864805,2084415,3014805
31,3,2234415,2714805,2084415,2864805
31,4,2234415,2564805,2084415,2714805
31,5,2234415,2414805,2084415,2564805
31,6,2234415,2264805,2084415,2414805
31,7,2234415,2114805,2084415,2264805
31,8,2234415,1964805,2084415,2114805
31,9,2234415,1814805,2084415,1964805
31,10,2234415,1664805,2084415,1814805
31,11,2234415,1514805,2084415,1664805
31,12,2234415,1364805,2084415,1514805
31,13,2234415,1214805,2084415,1364805
31,14,2234415,1064805,2084415,1214805
31,15,2234415,914805,2084415,1064805
31,16,2234415,764805,2084415,914805
31,17,2234415,614805,2084415,764805
31,18,2234415,464805,2084415,614805
31,19,2234415,314805,2084415,464805
31,20,2084415,314805,2234415,164805
31,21,2234415,14805,2084415,164805
32,0,2384415,3164805,2234415,3314805
32,1,2384415,3014805,2234415,3164805
32,2,2384415,2864805,2234415,3014805
32,3,2384415,2714805,2234415,2864805
32,4,2384415,2564805,2234415,2714805
32,5,2384415,2414805,2234415,2564805
32,6,2384415,2264805,2234415,2414805
32,7,2384415,2114805,2234415,2264805
32,8,2384415,1964805,2234415,2114805
32,9,2384415,1814805,2234415,1964805
32,10,2384415,1664805,2234415,1814805
32,11,2384415,1514805,2234415,1664805
32,12,2384415,1364805,2234415,1514805
32,13,2384415,1214805,2234415,1364805
32,14,2384415,1064805,2234415,1214805
32,15,2384415,914805,2234415,1064805
32,16,2384415,764805,2234415,914805
32,17,2384415,614805,2234415,764805
32,18,2384415,464805,2234415,614805
32,19,2384415,314805,2234415,464805
32,20,2384415,164805,2234415,314805
32,21,2234415,164805,2384415,14805
0,0,-2565585,3314805,-2415585,3164805
   
